Workbook

Sheet Summary
A1: Room ID | C1: Room No | D1: Emirate | E1: Expiry | F1: Contract Status | G1: Capacity | H1: Occupied | I1: Available | J1: Managed by
A2: R1001 | B2: Al Quoz | C2: 6 | D2: Dubai | E2: 46387 | F2: Available | G2: 6 | H2: ='Room 1-Al 06'!B10 -> 5 | I2: =G2-H2 -> 1 | J2: Hamid & Dawood
A3: R1002 | B3: Al Quoz | C3: 7 | D3: Dubai | G3: 6 | H3: ='Room 2-Al 07'!B11 -> 6 | I3: =G3-H3 -> 0 | J3: Hamid & Dawood
A4: R1003 | B4: Al Quoz | C4: 8 | D4: Dubai | G4: 6 | H4: ='Room 3-Al-08'!B10 -> 5 | I4: =G4-H4 -> 1 | J4: Hamid & Dawood
A5: R1004 | B5: Al Quoz | C5: 12 | D5: Dubai | G5: 6 | H5: ='Room 4-Al 12'!B10 -> 6 | I5: =G5-H5 -> 0 | J5: Hamid & Dawood
A6: R1005 | B6: Al Quoz | C6: 17 | D6: Dubai | G6: 6 | H6: ='Room 5-Al 17'!B10 -> 5 | I6: =G6-H6 -> 1 | J6: Hamid & Dawood
A7: R2006 | B7: Sonapur | C7: 105 | D7: Dubai | E7: 46227 | F7: Available | G7: 4 | H7: ='Room 6 -S 105'!B7 -> 3 | I7: =G7-H7 -> 1 | J7: Arshad
A8: R2007 | B8: Sonapur | C8: 106 | D8: Dubai | G8: 4 | H8: ='Room 7 -S 106'!B7 -> 4 | I8: =G8-H8 -> 0 | J8: Arshad
A9: R2008 | B9: Sonapur | C9: 107 | D9: Dubai | G9: 4 | H9: ='Room 8-S 107'!B7 -> 3 | I9: =G9-H9 -> 1 | J9: Arshad
A10: R3009 | B10: Jebel Ali | C10: 230 | D10: Dubai | E10: 46387 | F10: Available | G10: 9 | H10: ='Room 9 -J 230'!B13 -> 7 | I10: =G10-H10 -> 2 | J10: Falak
A11: R3010 | B11: Jebel Ali | C11: 237 | D11: Dubai | G11: 10 | H11: ='Room 10-J 237'!B13 -> 6 | I11: =G11-H11 -> 4 | J11: Falak
A12: R3011 | B12: Jebel Ali | C12: 242 | D12: Dubai | E12: 46387 | F12: Available | G12: 10 | H12: ='Room 11-J 242'!B13 -> 10 | I12: =G12-H12 -> 0 | J12: Falak
A13: R2012 | B13: Sonapur | C13: 108 | D13: Dubai | E13: 46173 | F13: Available | G13: 4 | H13: ='Room 12-S 108'!B7 -> 4 | I13: =G13-H13 -> 0 | J13: Arshad
A14: R2013 | B14: Sonapur | C14: 109 | D14: Dubai | G14: 4 | H14: ='Room 13-S 109'!B7 -> 4 | I14: =G14-H14 -> 0 | J14: Arshad
A15: R2014 | B15: Sonapur | C15: 72 | D15: Dubai | E15: 46356 | F15: Available | G15: 4 | H15: ='Room 14-S 72'!B7 -> 4 | I15: =G15-H15 -> 0 | J15: Arshad
A16: R2015 | B16: Sonapur | C16: 73 | D16: Dubai | G16: 4 | H16: ='Room 15-S-73'!B7 -> 4 | I16: =G16-H16 -> 0 | J16: Arshad
A17: R2016 | B17: Sonapur | C17: 24 | D17: Dubai | E17: 46371 | F17: Available | G17: 4 | H17: ='Room 16-S 24'!B7 -> 4 | I17: =G17-H17 -> 0 | J17: Arshad
A18: R2017 | B18: Sonapur | C18: 25 | D18: Dubai | G18: 4 | H18: ='Room 17-S 25'!B7 -> 4 | I18: =G18-H18 -> 0 | J18: Arshad
A19: R2018 | B19: Sonapur | C19: 26 | D19: Dubai | G19: 4 | H19: ='Room 18-S 26'!B7 -> 4 | I19: =G19-H19 -> 0 | J19: Arshad
A20: R2019 | B20: Sonapur | C20: 27 | D20: Dubai | G20: 4 | H20: ='Room 19-S 27'!B7 -> 4 | I20: =G20-H20 -> 0 | J20: Arshad
A21: R2020 | B21: Sonapur | C21: 33 | D21: Dubai | G21: 4 | H21: ='Room 20-S 33'!B7 -> 3 | I21: =G21-H21 -> 1 | J21: Arshad
A22: R1021 | B22: Al Quoz | C22: GF-5 | D22: Dubai | E22: 46370 | F22: Available | G22: 6 | H22: ='Room 21-Al gf 05'!B10 -> 6 | I22: =G22-H22 -> 0 | J22: Hamid & Dawood
A23: R1022 | B23: Al Quoz | C23: GF-6 | D23: Dubai | G23: 6 | H23: ='Room 22-Al gf-06'!B10 -> 6 | I23: =G23-H23 -> 0 | J23: Hamid & Dawood
A24: R3023 | B24: Jebel Ali | C24: 134 | D24: Dubai | E24: 46387 | F24: Available | G24: 8 | H24: ='Room 23-J 134'!B13 -> 5 | I24: =G24-H24 -> 3 | J24: Falak
A25: R4024 | B25: Musaffah | C25: A12 | D25: Abu Dhabi | E25: 46022 | F25: Available | G25: 10 | H25: ='Room 24-AD Musaff-A12'!B13 -> 9 | I25: =G25-H25 -> 1 | J25: Shahzad
A26: R1025 | B26: Sonapur | C26: 79 | D26: Dubai | E26: 46198 | F26: Available | G26: 4 | H26: ='Room 25-S 79'!B7 -> 4 | I26: =G26-H26 -> 0 | J26: Arshad
A27: R1026 | B27: Sonapur | C27: 80 | D27: Dubai | E27: 46198 | G27: 4 | H27: ='Room 26-S 80'!B7 -> 4 | I27: =G27-H27 -> 0 | J27: Arshad
A28: R3027 | B28: Jebel Ali | C28: 306 | D28: Dubai | E28: 46211 | F28: Available | G28: 8 | H28: ='Room 27-J 306'!B11 -> 7 | I28: =G28-H28 -> 1 | J28: Falak
A29: R5028 | B29: Ajbaan | C29: 1 | D29: Abu Dhabi | F29: Available | G29: 9 | H29: ='Room 28-Aj 01'!B12 -> 9 | I29: =G29-H29 -> 0 | J29: Falak
A30: R5029 | B30: Ajbaan | C30: 2 | D30: Abu Dhabi | F30: Available | G30: 10 | H30: ='Room 29-Aj 02'!B13 -> 8 | I30: =G30-H30 -> 2 | J30: Falak
A31: R5030 | B31: Ajbaan | C31: 3 | D31: Abu Dhabi | F31: Available | G31: 1 | H31: ='Room 30-Aj 03'!B12 -> 1 | I31: =G31-H31 -> 0 | J31: Falak
A32: STAFF ON LEAVE | B32: Sonapur | D32: Dubai | H32: =Leave!C19 -> 0 | I32: =G32-H32 -> 0 | J32: Arshad
A33: STAFF ON LEAVE | B33: Al Quoz | D33: Dubai | H33: =Leave!D19 -> 3 | I33: =G33-H33 -> -3 | J33: Hamid & Dawood
A34: STAFF ON LEAVE | B34: Jebel Ali | D34: Dubai | H34: =Leave!E19 -> 0 | I34: =G34-H34 -> 0 | J34: Falak
C36: =SUBTOTAL(103,C2:C31) -> 30 | G36: =SUBTOTAL(109,G2:G34) -> 173 | H36: =SUBTOTAL(109,H2:H34) -> 157 | I36: =SUBTOTAL(109,I2:I34) -> 16
I38: =1 -> 1

Sheet Leave
A4: Staff on Leave | C4: Sonapur | D4: AlQuoz | E4: Jebel Ali
A6: Naveen Alakunta - IP (G2B) 1294 | D6: Naveen Alakunta - IP (G2B) 1294
A7: Sarbjit Singh - (G1C) 1308 | D7: Sarbjit Singh - (G1C) 1308
A8: Sabbir Hossain - IP (G2B) 1195 | D8: Sabbir Hossain 1195
A9: Bismillah Jan - IP (G2C) 1208
A10: Murli - IP (G2B) 1293
A11: Najib Ndugwa - IP (G1C) 1357
A12: Sandeep Singh Lakwinder 1306
A19: =COUNTA(A6:A18) -> 7 | C19: =COUNTA(C6:C18) -> 0 | D19: =COUNTA(D6:D18) -> 3 | E19: =COUNTA(E6:E18) -> 0

Sheet R.Shift
A1: Sl No | B1: Date | C1: Staff Name | D1: Location | E1: Changed From | F1: Room No | G1: Changed to | H1: Room no
A2: 1
A3: 2
A4: 3
A5: 4
A6: 5
A7: 6
A8: 7
A9: 8
A10: 9
A11: 10
A12: 11
A13: 12
... A25: 24

Sheet Room 1-Al 06
A1: Summary | D1: Room No.6
A2: Bed ID | B2: Occupant Name | C2: Occupant ID | D2: Location | E2: Status
A3: R1001-001 | B3: Abdane Bunde | C3: LS 6080 | D3: AQZ-006-BD1-LB | E3: FULL
A4: R1001-002 | B4: Muhammad Shahid | C4: 1265 | D4: JBL-237-BD4-UB | E4: FULL
A5: R1001-003 | B5: Nanda Kishore Battu | C5: 1302 | D5: AQZ-006-BD3-LB | E5: FULL
A6: R1001-004 | B6: Aliyi Shibire | C6: 1340 | D6: AQZ-006-BD2-LB | E6: FULL
A7: R1001-005 | B7: Bedaso Jiru Geja | C7: 1360 | D7: AQZ-006-BD3-UB | E7: FULL
A8: R1001-006 | D8: JBL-237-BD2-UB | E8: VACANT
A10: Occupied | B10: =COUNTA(B3:B9) -> 5
A12: Room No.6 | B12: Hameed / Dawood

Sheet Room 2-Al 07
A1: Summary | C1: Room no:07
A2: Bed ID | B2: Occupant Name | C2: Occupant ID | D2: LOCATION | E2: Status
A3: R1002-007 | B3: Abid Ali | C3: LS 6079 | D3: AQZ-007-BD2-LB | E3: FULL
A4: R1002-008 | B4: Arshad Mehmood | C4: 1201 | D4: AQZ-007-BD2-LB | E4: FULL
A5: R1002-009 | B5: Hamsakaramath | C5: 1256 | D5: floor | E5: FULL
A6: R1002-010 | B6: Muhammad Umer | C6: 1233 | D6: floor | E6: FULL
A7: R1002-011 | B7: Shankar Kumar | C7: 1330 | D7: AQZ-007-BD2-UB | E7: FULL
A8: R1002-012 | B8: Huzaifa Mehmood | C8: 1345 | D8: AQZ-007-BD2-UB | E8: FULL
A11: Occupied | B11: =COUNTA(B3:B10) -> 6

Sheet Room 3-Al-08
A1: Summary | C1: Room no:08
A2: Bed ID | B2: Occupant Name | C2: Occupant ID | D2: LOCATION | E2: Status
A3: R1003-013 | B3: Tola Chala | C3: LS 6084 | D3: AQZ-008-BD1-LB | E3: FULL | F3: Vacation
A4: R1003-014 | B4: Shahjan | C4: 1035 | D4: AQZ-008-BD1-UB | E4: FULL
A5: R1003-015 | B5: Akbar Singh | C5: 1268 | D5: AQZ-008-BD2-UB | E5: FULL
A6: R1003-016 | B6: Aliyi Genole Tola | C6: 1365 | D6: AQZ-008-BD2-LB | E6: FULL
A7: R1003-017 | B7: Jifara Kenesa | C7: 1385 | D7: AQZ-008-BD3-UB | E7: FULL
A8: R1003-018 | D8: AQZ-008-BD3-LB | E8: VACANT
A10: Occupied | B10: =COUNTA(B3:B9) -> 5

Sheet Room 4-Al 12
A1: Summary | D1: Room no:12
A2: Bed ID | B2: Occupant Name | C2: Occupant ID | D2: LOCATION | E2: Status
A3: R1004-019 | B3: Mohammad Anis | C3: 1187 | D3: AQZ-012-BD1-LB | E3: FULL
A4: R1004-020 | B4: Babu lal | C4: 1307 | D4: AQZ-012-BD1-UB | E4: FULL
A5: R1004-021 | B5: Narottam Singh | C5: 1321 | D5: AQZ-012-BD3-LB | E5: FULL
A6: R1004-022 | B6: Navanith Varma | C6: 1322 | D6: AQZ-012-BD4-LB | E6: FULL
A7: R1004-023 | B7: Mithlesh Kumar | C7: 1323 | D7: AQZ-012-BD2-LB | E7: FULL
A8: R1004-024 | B8: Govind Kumar | C8: 1377 | E8: FULL
A10: Occupied | B10: =COUNTA(B3:B9) -> 6

Sheet Room 5-Al 17
A1: Summary | C1: Room no:17
A2: Bed ID | B2: Occupant Name | C2: Occupant ID | D2: LOCATION | E2: Status
A3: R1005-025 | B3: Aminul Shahali Sarkar | C3: 1015 | D3: AQZ-012-BD1-LB | E3: FULL
A4: R1005-026 | B4: Forkan Miah | C4: 1192 | D4: AQZ-012-BD1-UB | E4: FULL
A5: R1005-027 | E5: VACANT
A6: R1005-028 | B6: Shailesh Barman | C6: 1226 | D6: AQZ-012-BD4-LB | E6: FULL
A7: R1005-029 | B7: Chand Babu | C7: 1346 | D7: AQZ-012-BD2-LB | E7: FULL
A8: R1005-030 | B8: Yuna Abdulkadir Yusuf | C8: 1383 | D8: AQZ-012-BD2-UB | E8: FULL
A10: Occupied | B10: =COUNTA(B3:B9) -> 5
B12: Sabbir Hossain | C12: 1195 | D12: AQZ-012-BD3-LB | E12: Vacation

Sheet Room 6 -S 105
A1: Summary | B1: ROOM NO:105
A2: Bed ID | B2: Occupant Name | C2: Occupant ID | D2: LOCATION. | E2: Status
A3: R2006-001 | B3: SHAKIR | C3: 1198 | D3: SNP-105-B2-LB | E3: FULL
A4: R2006-002 | B4: Arshad Khan | C4: 1279 | D4: SNP-105-B1-LB | E4: FULL
A5: R2006-003 | B5: Asif Nawaz | C5: 1158 | D5: SNP-1065-B2-UB | E5: FULL
A6: R2006-004 | D6: SNP-1065-B2-UB | E6: VACANT
A7: Occupied | B7: =COUNTA(B3:B6) -> 3
E9: Vacation

Sheet Room 7 -S 106
A1: Summary | B1: 46023 | E1: ROOM NO:106
A2: Bed ID | B2: Occupant Name | C2: Occupant ID | D2: LOCATION | E2: Status
A3: R2007-005 | B3: CLETUS | C3: 1134 | D3: SNP-106-BD2-UB | E3: FULL
A4: R2007-006 | B4: Shanto Miah | C4: 1193 | D4: SNP-106-BD2-LB | E4: FULL
A5: R2007-007 | B5: China Srinu Kukkala | C5: 1376 | D5: SNP-106-BD1-LB | E5: FULL
A6: R2007-008 | B6: Chala Awel Kasim | C6: 1380 | D6: SNP-106-BD1-UB | E6: FULL
A7: Occupied | B7: =COUNTA(B3:B6) -> 4

Sheet Room 8-S 107
A1: Summary | E1: ROOM NO:107
A2: Bed ID | B2: Occupant Name | C2: Occupant ID | D2: LOCATION | E2: Status
A3: R2008-009 | B3: Mohammad Bilal | C3: 1367 | D3: SNP-107-BD1-LB | E3: FULL
A4: R2008-010 | B4: Hasan Nawaz | C4: 1247 | D4: SNP-107-BD2-LB | E4: FULL
A5: R2008-011 | B5: Ali Faisal | C5: 1242 | D5: SNP-107-BD1-UB | E5: FULL
A6: R2008-012 | D6: SNP-107-BD2-UB | E6: VACANT
A7: Occupied | B7: =COUNTA(B3:B6) -> 3

Sheet Room 9 -J 230
A1: Summary | C1: ROOM NO:230
A2: Bed ID | B2: Occupant Name | C2: Occupant ID | D2: LOCATION | E2: Status
A3: R3009-001 | B3: Shakil Ahmed | C3: LS-6038 | D3: JBL-230-BED5-LB | E3: FULL
A4: R3009-002 | B4: Mubarek Mohammed | C4: LS-6082 | D4: JBL-230-BD3-LB | E4: FULL
A5: R3009-003 | B5: Gurvinder Singh | C5: 1190 | D5: JBL-230-BD4-UB | E5: FULL
A6: R3009-004 | B6: Umar Faroq | C6: 1257 | D6: JBL-230-BD1-LB | E6: FULL
A7: R3009-005 | B7: Gurvinder Singh Sarbajith | C7: 1282 | D7: JBL-230-BD2-LB | E7: FULL
A8: R3009-006 | B8: Nazir Hakim Said | C8: 1305 | D8: JBL-230-BD4-LB | E8: FULL
A9: R3009-007 | B9: Anzar Ali | C9: 1350 | D9: JBL-230-BD4-LB | E9: FULL
A10: R3009-008 | E10: VACANT
A11: R3009-009 | E11: VACANT
A13: Occupied | B13: =SUBTOTAL(103,B3:B12) -> 7

Sheet Room 10-J 237
A1: Summary | D1: ROOM NO:237
A2: Bed ID | B2: Occupant Name | C2: Occupant ID | D2: LOCATION | E2: Status
A3: R3010-010 | B3: Rajab Hussain | C3: 1044 | D3: JBL-237-BD4-LB | E3: FULL
A4: R3010-011 | B4: Falak Shair | C4: 1086 | D4: JBL-237-BD4-LB | E4: FULL
A5: R3010-012 | B5: Muhammad Ibrahim | C5: 1155 | D5: JBL-237-BD4-LB | E5: FULL
A6: R3010-013 | B6: Kashif Hussain Shah | C6: 1178 | D6: JBL-237-BD4-LB | E6: FULL
A7: R3010-014 | B7: Rafaqat Hussain Shah | C7: 1179 | D7: JBL-237-BD4-LB | E7: FULL
A8: R3010-015 | B8: Bashir Ahmad Koro | C8: 1352 | D8: JBL-237-BD2-UB | E8: FULL
A9: R3010-016 | E9: VACANT
A10: R3010-017 | E10: VACANT
A11: R3010-018 | E11: VACANT
A12: R3010-019 | E12: VACANT
A13: Occupied | B13: =SUBTOTAL(103,B3:B12) -> 6

Sheet Room 11-J 242
A1: Summary | D1: ROOM NO:242
A2: Bed ID | B2: Occupant Name | C2: Occupant ID | D2: LOCATION | E2: Status
A3: R3011-020 | B3: Ganesh Oli | C3: 1104 | D3: JBL-242-BD4-LB | E3: FULL
A4: R3011-021 | B4: Jakkir Hussain | C4: 1196 | D4: JBL-242-BD5-LB | E4: FULL
A5: R3011-022 | B5: Rajendar Banavath | C5: 1250 | D5: JBL-242-BD3-LB | E5: FULL
A6: R3011-023 | B6: Sajan | C6: 1273 | D6: JBL-242-BD2-LB | E6: FULL
A7: R3011-024 | B7: Ganghadar | C7: 1278 | D7: JBL-242-BD5-UB | E7: FULL
A8: R3011-025 | B8: Maruthi Surya Vamshi | C8: 1284 | E8: FULL
A9: R3011-026 | B9: Dilip Gond | C9: 1315 | D9: JBL-242-BD2-UB | E9: FULL
A10: R3011-027 | B10: David Kalema | C10: 1356 | D10: JBL-242-BD1-LB | E10: FULL
A11: R3011-028 | B11: Roland Ashaba | C11: 1358 | D11: JBL-242-BD4-UB | E11: FULL
A12: R3011-029 | B12: Abdullatif Husen Gemechu | C12: 1364 | E12: FULL
A13: Occupied | B13: =SUBTOTAL(103,B3:B12) -> 10

Sheet Room 12-S 108
A1: Summary | E1: ROOM NO:108
A2: Bed ID | B2: Occupant Name | C2: Occupant ID | D2: LOCATION | E2: Status
A3: R2012-013 | B3: Rajesh Namala | C3: 1296 | D3: SNP-108-BD2-LB | E3: FULL
A4: R2012-014 | B4: Feleke Teshome Diriba | C4: 1388 | D4: SNP-108-BD1-UB | E4: FULL
A5: R2012-015 | B5: Temesgen Getachew Negese | C5: 1389 | D5: SNP-108-BD2-UB | E5: FULL
A6: R2012-016 | B6: Habtemariam Getu Ewawi | C6: 1382 | D6: SNP-108-BD1-LB | E6: FULL
A7: Occupied | B7: =SUBTOTAL(103,B3:B6) -> 4

Sheet Room 13-S 109
A1: Summary | D1: ROOM NO:109
A2: Bed ID | B2: Occupant Name | C2: Occupant ID | D2: LOCATION | E2: Status
A3: R2013-017 | B3: Hamzakhan ikram | C3: 1258 | D3: SNP-109-BD1-LB | E3: FULL
A4: R2013-018 | B4: Hazrath Jan | C4: 1259 | D4: SNP-109-BD2-LB | E4: FULL
A5: R2013-019 | B5: Pramod Vellakuzhy Subramannian | C5: 1384 | E5: FULL
A6: R2013-020 | B6: Nazim | C6: LS (G3C) 6010 | E6: FULL
A7: Occupied | B7: =SUBTOTAL(103,B3:B6) -> 4

Sheet Room 14-S 72
A1: Summary | D1: ROOM NO:72
A2: Bed ID | B2: Occupant Name | C2: Occupant ID | D2: LOCATION | E2: Status
A3: R2014-021 | B3: Mohammad Jaseem | C3: 1185 | D3: SNP-G072-BD1-LB | E3: FULL
A4: R2014-022 | B4: Nazmul Shazaha | C4: 1212 | D4: SNP-G072-BD1-UB | E4: FULL
A5: R2014-023 | B5: Abdul Kala | C5: 1228 | D5: SNP-G072-BD2-LB | E5: FULL
A6: R2014-024 | B6: Mintu | C6: 1230 | D6: SNP-G072-BD2-LB | E6: FULL
A7: Occupied | B7: =SUBTOTAL(103,B3:B6) -> 4

Sheet Room 15-S-73
A1: Summary | D1: ROOM NO:73
A2: Bed ID | B2: Occupant Name | C2: Occupant ID | D2: LOCATION | E2: Status
A3: R2015-025 | B3: Simranjeet | C3: 1291 | D3: SNP-G073-BD2-LB | E3: FULL
A4: R2015-026 | B4: Ishak Ssebugenyi | C4: 1359 | D4: SNP-G073-BD1-LB | E4: FULL
A5: R2015-027 | B5: Jatin singh | C5: 1290 | D5: SNP-G073-BD1-UB | E5: FULL
A6: R2015-028 | B6: Iqbal Singh | C6: 1281 | D6: SNP-G073-BD2-UB | E6: FULL
A7: Occupied | B7: =SUBTOTAL(103,B3:B6) -> 4

Sheet Room 16-S 24
A1: Summary | D1: ROOM NO:24
A2: Bed ID | B2: Occupant Name | C2: Occupant ID | D2: LOCATION | E2: Status
A3: R2016-029 | B3: Khamis Sobhy(LS) | C3: LS (G3C) 6049 | D3: SNP-G024-BD1-LB | E3: FULL
A4: R2016-030 | B4: Abdul sawabul | C4: LS (G3C) 6063 | D4: SNP-G024-BD2-LB | E4: FULL
A5: R2016-031 | B5: Hulala Fedilu Nuri | C5: IP-8071 | D5: SNP-G024-BD1-UB | E5: FULL
A6: R2016-032 | B6: Bala krishna | C6: IP-1316 | D6: SNP-G024-BD1-UB | E6: FULL
A7: Occupied | B7: =SUBTOTAL(103,B3:B6) -> 4

Sheet Room 17-S 25
A1: Summary | D1: ROOM NO:25
A2: Bed ID | B2: Occupant Name | C2: Occupant ID | D2: LOCATION | E2: Status
A3: R2017-033 | B3: Muhammad Sajjad Fazal Rehman | C3: LS 6072 | D3: SNP-G025-BD2-LB | E3: FULL
A4: R2017-034 | B4: Zubair Khan | C4: 1251 | D4: SNP-G025-BD1-UB | E4: FULL
A5: R2017-035 | B5: Usman Khan | C5: 1283 | D5: SNP-G025-BD1-LB | E5: FULL
A6: R2017-036 | B6: Abdullah | D6: SNP-G025-BD2-UB | E6: FULL
A7: Occupied | B7: =SUBTOTAL(103,B3:B6) -> 4

Sheet Room 18-S 26
A1: Summary | D1: ROOM NO:26
A2: Bed ID | B2: Occupant Name | C2: Occupant ID | D2: LOCATION | E2: Status
A3: R2018-037 | B3: Desta Hussen | C3: LS 6081 | E3: FULL
A4: R2018-038 | B4: Kedir Gena Sure | C4: 1391 | D4: SNP-G26-BD2-LB | E4: FULL
A5: R2018-039 | B5: Rebiyu Aboli | C5: 1392 | D5: SNP-G26-BD1-LB | E5: FULL
A6: R2018-040 | B6: Lalisa Bekuma Likasa | C6: 1390 | D6: SNP-G26-BD1-UB | E6: FULL
A7: Occupied | B7: =SUBTOTAL(103,B3:B6) -> 4

Sheet Room 19-S 27
A1: Summary | C1: ROOM NO:27
A2: Bed ID | B2: Occupant Name | C2: Occupant ID | D2: LOCATION | E2: Status
A3: R2019-041 | B3: Muzayan Aliyi | C3: 1343 | D3: SNP-G27-BD1-UB | E3: FULL
A4: R2019-042 | B4: AbdulHakim Mohammed Argo | C4: 1362 | D4: SNP-G27-BD2-UB | E4: FULL
A5: R2019-043 | B5: Prdeep | C5: 1370 | D5: SNP-G27-BD1-LB | E5: FULL
A6: R2019-044 | B6: Rajnish | C6: 1371 | D6: SNP-G27-BD2-LB | E6: FULL
A7: Occupied | B7: =SUBTOTAL(103,B3:B6) -> 4

Sheet Room 20-S 33
A1: Summary | D1: ROOM NO:33
A2: Bed ID | B2: Occupant Name | C2: Occupant ID | D2: LOCATION | E2: Status
A3: R2020-045 | B3: Devendar Singh | C3: 1309 | D3: SNP-G33-BD1-UB | E3: FULL
A4: R2020-046 | B4: Parvinder Gurtej Singh | C4: 1310 | D4: SNP-G33-BD2-LB | E4: FULL
A5: R2020-047 | B5: Ahmed Wermengo Admama | C5: 8069 | D5: SNP-G33-BD1-LB | E5: FULL
A6: R2020-048 | D6: SNP-G33-BD2-UB | E6: VACANT
A7: Occupied | B7: =SUBTOTAL(103,B3:B6) -> 3

Sheet Room 21-Al gf 05
A1: Summary | C1: Room no:GF 5
A2: Bed ID | B2: Occupant Name | C2: Occupant ID | D2: LOCATION | E2: Status
A3: R1021-031 | B3: Daud Shah | C3: 1038 | D3: AQZ-0GF5-BD1-LB | E3: FULL
A4: R1021-032 | B4: muhammad Lukman | C4: 1151 | D4: AQZ-0GF5-BD2-LB | E4: FULL
A5: R1021-033 | B5: Syed Adil Hussain Sha Maqbool Hussain Sha | C5: 1167 | D5: AQZ-0GF5-BD2-UB | E5: FULL
A6: R1021-034 | B6: Hameed Ullah Abdul Ghani | C6: 1249 | D6: AQZ-0GF5-BD3-LB | E6: FULL
A7: R1021-035 | B7: Ajmal khan | C7: 1348 | D7: AQZ-0GF5-BD3-UB | E7: FULL
A8: R1021-036 | B8: Muhammad Naveed | C8: 1366 | D8: AQZ-0GF5-BD3-UB | E8: FULL
A10: Occupied | B10: =SUBTOTAL(103,B3:B9) -> 6

Sheet Room 22-Al gf-06
A1: Summary | C1: Room no:GF 6
A2: Bed ID | B2: Occupant Name | C2: Occupant ID | D2: LOCATION | E2: Status
A3: R1022-037 | B3: Sadeeq Akbar | C3: 1144 | D3: JBL-237-BD3-UB | E3: FULL
A4: R1022-038 | B4: Sareer Khalil | C4: 1234 | D4: JBL-134-BD1-LB | E4: Full
A5: R1022-039 | B5: Anees Khan | C5: 1236 | D5: JBL-230-BD2-UB | E5: FULL
A6: R1022-040 | B6: Umair Khan | C6: 1333 | D6: JBL-134-BD4-LB | E6: FULL
A7: R1022-041 | B7: Fazal Amin | C7: 1339 | D7: JBL-242-BD3-UB | E7: FULL
A8: R1022-042 | B8: Adil khan | C8: 1347 | D8: JBL-134-BD4-LB | E8: FULL
A10: Occupied | B10: =SUBTOTAL(103,B3:B9) -> 6

Sheet Room 23-J 134
A1: Summary | D1: ROOM NO:134
A2: Bed ID | B2: Occupant Name | C2: Occupant ID | D2: LOCATION | E2: Status
A3: R1023-J-030 | B3: Muktar Hasen | C3: LS -6083 | D3: JBL-134-BD2-LB | E3: FULL
A4: R3023-031 | B4: Yabo Wake | C4: 1344 | D4: JBL-134-BD4-LB | E4: FULL
A5: R3023-032 | B5: Tsehaynew Dejen Kassa | C5: 1361 | D5: JBL-134-BD5-UB | E5: FULL
A6: R3023-033 | B6: Sherif Nesru | C6: 1378 | E6: FULL
A7: R3023-034 | B7: Nuruddin Umer | C7: 1386 | D7: JBL-134-BD3-LB | E7: FULL
A8: R3023-035 | D8: JBL-134-BD3-UB | E8: FULL
A9: R3023-036 | E9: VACANT
A10: R3023-037 | E10: VACANT
A13: Occupied | B13: =SUBTOTAL(103,B3:B12) -> 5

Sheet Room 24-AD Musaff-A12
A1: Summary | D1: ROOM NO:A12
A2: Bed ID | B2: Occupant Name | C2: Occupant ID | D2: LOCATION | E2: Status
A3: R4024-001 | D3: AUH-A12-BD1-LB | E3: VACATION
A4: R4024-002 | B4: Wahid Ullah | C4: LS 6068 | D4: AUH-A12-BD2-LB | E4: full
A5: R4024-003 | B5: Ekena Kenneth | C5: 1126 | D5: AUH-A12-BD3-LB | E5: full
A6: R4024-004 | B6: Muhammad Zahid | C6: 1202 | D6: AUH-A12-BD2-UB | E6: full
A7: R4024-005 | B7: Waqas Ali | C7: 1235 | E7: full
A8: R4024-006 | B8: Muhammad Shahzad(DRIVER) | C8: 1253 | E8: full
A9: R4024-007 | B9: Wasee Ullah | C9: 1312 | E9: full
A10: R4024-008 | B10: Imed Hussen | C10: 1342 | E10: full
A11: R4024-009 | B11: Sohail Fazal Sanam | C11: 1349 | E11: full
A12: R4024-010 | B12: Anzar Ali | C12: 1350 | E12: full
A13: Occupied | B13: =SUBTOTAL(103,B3:B12) -> 9
B16: Pass Nabi Khan | C16: LS 6011 | D16: Vacation

Sheet Room 25-S 79
A1: Summary | D1: ROOM NO:79
A2: Bed ID | B2: Occupant Name | C2: Occupant ID | D2: LOCATION | E2: Status
A3: R2025-049 | B3: Shah Faisal | C3: 1334 | E3: Full
A4: R2025-050 | B4: Anwar Zaman | C4: 1335 | E4: Full
A5: R2025-051 | B5: Hamid Ali | C5: 1351 | E5: Full
A6: R2025-052 | B6: Afra Sayab Khan | C6: 1363 | E6: Full
A7: Occupied | B7: =SUBTOTAL(103,B3:B6) -> 4

Sheet Room 26-S 80
A1: Summary | D1: ROOM NO:80
A2: Bed ID | B2: Occupant Name | C2: Occupant ID | D2: LOCATION | E2: Status
A3: R2026-053 | B3: Suresh Badugu | C3: 1325 | E3: full
A4: R2026-054 | B4: Shiva Kumar | C4: 1326 | E4: full
A5: R2026-055 | B5: Narsaiah | C5: 1327 | E5: full
A6: R2026-056 | B6: Sravan Kumar | C6: 1368 | E6: full
A7: Occupied | B7: =SUBTOTAL(103,B3:B6) -> 4

Sheet Room 27-J 306
A1: Summary | D1: ROOM NO:306
A2: Bed ID | B2: Occupant Name | C2: Occupant ID | D2: LOCATION | E2: Status
A3: R3027-048 | B3: Danish Ali | C3: 1270 | D3: JBL-306-BD2-LB | E3: full
A4: R3027-049 | B4: Muhammad Basharat | C4: 1298 | D4: JBL-306-BD2-LB | E4: full
A5: R3027-050 | B5: Ashif Salim | C5: 1314 | D5: JBL-306-BD2-LB | E5: full
A6: R3027-051 | B6: Zain Ullah | C6: 1332 | D6: JBL-306-BD2-LB | E6: full
A7: R3027-052 | B7: Yar Jan | C7: 1336 | D7: JBL-306-BD2-UP | E7: full
A8: R3027-053 | B8: Mazad Baloch | C8: 1337 | D8: JBL-306-BD2-UP | E8: full
A9: R3027-054 | B9: Mohammad Samir | C9: 1372 | D9: JBL-306-BD2-UP | E9: full
A10: R3027-055 | E10: VACANT
A11: Occupied | B11: =SUBTOTAL(103,B3:B10) -> 7

Sheet Room 28-Aj 01
A1: Summary | D1: ROOM NO:Farm 01
A2: Bed ID | B2: Occupant Name | C2: Occupant ID | D2: LOCATION | E2: Status
A3: R5028-0001 | B3: Alkadir Muhammad | C3: LS 6073 | E3: Full
A4: R5028-0002 | B4: Musa Bunki | C4: LS 6076 | E4: Full
A5: R5028-0003 | B5: Negeso Gemeda | C5: LS 6077 | E5: Full
A6: R5028-0004 | B6: Noor Shah | C6: 1054 | E6: Full
A7: R5028-0005 | B7: Gul fam | C7: 1149 | E7: Full
A8: R5028-0006 | B8: Ameer Hamza | C8: 1243 | E8: Full
A9: R5028-0007 | B9: Ali Muhammad Khan | C9: 1264 | E9: Full
A10: R5028-0008 | B10: Kasahun Tesema | C10: 1341 | E10: Full
A11: R5028-0009 | B11: Usman Ali | C11: 1353 | E11: Full
A12: Occupied | B12: =SUBTOTAL(103,B3:B11) -> 9

Sheet Room 29-Aj 02
A1: Summary | D1: ROOM NO:Farm 02
A2: Bed ID | B2: Occupant Name | C2: Occupant ID | D2: LOCATION | E2: Status
A3: R5029-010 | B3: Abdi Aman Sheru | C3: LS 6098 | E3: Full
A4: R5029-011 | B4: Dinesh Kumar | C4: 1329 | E4: Full
A5: R5029-012 | B5: Rais Ahmad | C5: 1387 | E5: Full
A6: R5029-013 | B6: Abdi Shimels Bekele | C6: 1379 | E6: Full
A7: R5029-014 | B7: Fikadu Taye Demse | C7: 1381 | E7: Full
A8: R5029-015 | B8: Abdulbasit Abazinab Abafogi | C8: 8068 | E8: Full
A9: R5029-016 | B9: Halefom Berhe Kidanemariam | C9: 8070 | E9: Full
A10: R5029-017 | B10: Sebsib Ababiya Kedir | C10: 8072 | E10: Full
A11: R5029-018 | E11: VACANT
A12: R5029-019 | E12: VACANT
A13: Occupied | B13: =SUBTOTAL(103,B3:B12) -> 8

Sheet Room 30-Aj 03
A1: Summary
A2: Bed ID | B2: Occupant Name | C2: Occupant ID | D2: LOCATION | E2: Status
A3: R5030-020 | B3: Salim | E3: full
A4: R5030-021 | E4: Vacant
A5: R5030-022 | E5: Vacant
A6: R5030-023 | E6: Vacant
A7: R5030-024 | E7: Vacant
A8: R5030-025 | E8: Vacant
A9: R5030-026 | E9: Vacant
A10: R5030-027 | E10: Vacant
A11: R5030-028 | E11: Vacant
A12: Occupied | B12: =SUBTOTAL(103,B3:B10) -> 1

Sheet Sheet1
A1: Summary
A2: Room id | B2: LOCATION
A3: R1 | B3: Al Quoz
A4: R2 | B4: Sonapur
A5: R3 | B5: Jebel Ali
A6: R4 | B6: Musaffah
A7: R5 | B7: Ajbaan
